Scenario,Dataset,Model,mean_test_log_score,sd_test_log_score,n_reps
D3,Dataset 3,Poisson,-3.6762909517655493,0.11127242816871455,100
D3,Dataset 3,NB,-1.6643929089671525,0.025689851065352463,100
D3,Dataset 3,ZIP,-2.142302219199901,0.0629707221562542,100
D3,Dataset 3,ZINB,-1.4903217002565687,0.023549029376848662,100
D3,Dataset 3,P+NB,-1.628962855005692,0.024931532243894366,100
D3,Dataset 3,Z+P+NB,-1.4633934639220414,0.023060352758801812,100
D3,Dataset 3,ZIP--ZINB,-1.4624912786225364,0.02299196173587915,100
