Scenario,Dataset,Model,mean_fit_elapsed_sec,sd_fit_elapsed_sec,n_fit_elapsed_sec
D4,Dataset 4,Poisson,0.8690947413444519,0.24359938759421948,20
D4,Dataset 4,NB,1.974553155899048,0.4978475703107918,20
D4,Dataset 4,ZIP,5.999097275733948,0.8950500022075952,20
D4,Dataset 4,ZINB,5.960331416130066,1.7257481083376542,20
D4,Dataset 4,P+NB,13.541035151481628,2.2318528907165067,20
D4,Dataset 4,Z+P+NB,25.00095899105072,3.051104570393586,20
D4,Dataset 4,ZIP--ZINB,52.39633567333222,7.758918785839606,20
