Scenario,Dataset,Model,mean_fit_elapsed_sec,sd_fit_elapsed_sec,n_fit_elapsed_sec
D1,Dataset 1,Poisson,0.6871981143951416,0.21216239091051523,20
D1,Dataset 1,NB,2.1946709156036377,0.5407957867445029,20
D1,Dataset 1,ZIP,5.313022232055664,1.0993748262227425,20
D1,Dataset 1,ZINB,13.021945631504058,1.8266318971848816,20
D1,Dataset 1,P+NB,11.372961270809174,1.607253001623014,20
D1,Dataset 1,Z+P+NB,28.14322770833969,1.4689070002362632,20
D1,Dataset 1,ZIP--ZINB,49.86760802268982,3.186163289589017,20
