Scenario,Dataset,Coefficient,CoefficientLatex,true,mean_estimate,empirical_sd,rmse,n_success
D3,Dataset 3,beta_z[0],$\beta_{10}$,6.6,6.58630440681042,0.12873612979005608,0.12882092405740384,100
D3,Dataset 3,beta_z[1],$\beta_{11}$,-2.1,-2.092945245811028,0.07999611338439065,0.07990715820068325,100
D3,Dataset 3,gamma_z[0],$\gamma_{10}$,-2.5,-2.5188316620863076,0.38515677184579844,0.3836885625173398,100
D3,Dataset 3,gamma_z[1],$\gamma_{11}$,2.0,2.023069070506608,0.15044884913681714,0.15146184225264686,100
D3,Dataset 3,beta_nb[0],$\beta_{20}$,8.0,8.062862565351109,0.3012034076169761,0.3062155449270981,100
D3,Dataset 3,beta_nb[1],$\beta_{21}$,2.5,2.4878686282518254,0.4681301950915227,0.46594161752450836,100
D3,Dataset 3,gamma_nb[0],$\gamma_{20}$,-2.5,-2.522956459698037,0.22026867423803917,0.2203635745851505,100
D3,Dataset 3,gamma_nb[1],$\gamma_{21}$,2.5,2.5036740106479396,0.0842415439131826,0.08389975982033011,100
