Dataset,Link,Model,mean_fit_elapsed_sec,sd_fit_elapsed_sec,n_fit_elapsed_sec,mean_grad_norm_inf,sd_grad_norm_inf,n_grad_norm_inf
H2AX4H100,log,Poisson,0.0461401939392089,0.0,1,3.70508071707576e-05,0.0,1
H2AX4H100,log,NB,0.0381178855895996,0.0,1,7.762160236701732e-05,0.0,1
H2AX4H100,log,ZIP,0.042109727859497,0.0,1,0.0009587249756535,0.0,1
H2AX4H100,log,ZINB,0.12703537940979,0.0,1,0.0044634521968944,0.0,1
H2AX4H100,log,P+NB,0.3796992301940918,0.0,1,1.0979630022944775e-06,0.0,1
H2AX4H100,log,Z+P+NB,0.2980215549468994,0.0,1,0.0004364906638087,0.0,1
H2AX4H100,log,ZIP--ZINB,0.2331626415252685,0.0,1,0.1284558550593093,0.0,1
