Scenario,Dataset,Model,mean_fit_elapsed_sec,sd_fit_elapsed_sec,n_fit_elapsed_sec
D2,Dataset 2,Poisson,1.317623770236969,0.24129409217153674,20
D2,Dataset 2,NB,5.065809655189514,1.0861414693422031,20
D2,Dataset 2,ZIP,8.061272168159485,1.4546155312148523,20
D2,Dataset 2,ZINB,10.41686064004898,1.6288940974869883,20
D2,Dataset 2,P+NB,24.250899302959443,6.419906434423478,20
D2,Dataset 2,Z+P+NB,35.87205237150192,6.688700794622135,20
D2,Dataset 2,ZIP--ZINB,66.72082179784775,11.094988596346338,20
