Scenario,Dataset,Model,mean_fit_elapsed_sec,sd_fit_elapsed_sec,n_fit_elapsed_sec
D4,Dataset 4,Poisson,0.7885218977928161,0.22161609153296152,20
D4,Dataset 4,NB,1.713257896900177,0.37111229851474214,20
D4,Dataset 4,ZIP,4.864402318000794,0.9002237392702103,20
D4,Dataset 4,ZINB,5.319365382194519,2.242283238936452,20
D4,Dataset 4,P+NB,11.262752759456635,1.1958923814695515,20
D4,Dataset 4,Z+P+NB,21.469586730003357,2.2185912768206353,20
D4,Dataset 4,ZIP--ZINB,38.252405154705045,5.689432606273986,20
