Scenario,Dataset,Model,mean_fit_elapsed_sec,sd_fit_elapsed_sec,n_fit_elapsed_sec
D3,Dataset 3,Poisson,0.9187936186790466,0.2418514506293665,20
D3,Dataset 3,NB,4.411502027511597,0.8842827589893805,20
D3,Dataset 3,ZIP,4.552085304260254,0.8337416293041721,20
D3,Dataset 3,ZINB,7.68329644203186,1.6365211910928388,20
D3,Dataset 3,P+NB,19.923692715168,8.378192726260222,20
D3,Dataset 3,Z+P+NB,21.02987916469574,1.5996664648087566,20
D3,Dataset 3,ZIP--ZINB,39.006577003002164,3.9760055847591507,20
