Scenario,Dataset,Model,mean_fit_elapsed_sec,sd_fit_elapsed_sec,n_fit_elapsed_sec
D2,Dataset 2,Poisson,1.2636700510978698,0.21791612057016002,20
D2,Dataset 2,NB,4.936565482616425,1.0606074849687837,20
D2,Dataset 2,ZIP,7.898857617378235,1.546510126036725,20
D2,Dataset 2,ZINB,10.207842111587524,1.3330385450228455,20
D2,Dataset 2,P+NB,23.742723870277405,6.53663139788883,20
D2,Dataset 2,Z+P+NB,35.30938810110092,6.289828436007796,20
D2,Dataset 2,ZIP--ZINB,64.11606929302215,12.543353207703994,20
