Scenario,Dataset,Model,mean_fit_elapsed_sec,sd_fit_elapsed_sec,n_fit_elapsed_sec
D4,Dataset 4,Poisson,0.8673693180084229,0.23566532199207357,20
D4,Dataset 4,NB,1.956398844718933,0.4823215838528654,20
D4,Dataset 4,ZIP,5.971571063995361,0.9383058773831024,20
D4,Dataset 4,ZINB,5.886983597278595,1.7308808060797491,20
D4,Dataset 4,P+NB,13.460933458805084,2.3203200091567076,20
D4,Dataset 4,Z+P+NB,25.029407417774202,3.4717277901965713,20
D4,Dataset 4,ZIP--ZINB,52.86018271446228,8.435055115959214,20
