Scenario,Dataset,Model,mean_fit_elapsed_sec,sd_fit_elapsed_sec,n_fit_elapsed_sec
D2,Dataset 2,Poisson,1.0664300441741943,0.26031138464582937,20
D2,Dataset 2,NB,3.3744985818862916,0.7338412567437749,20
D2,Dataset 2,ZIP,5.129335951805115,1.1512745534394977,20
D2,Dataset 2,ZINB,6.266245126724243,1.181713472197527,20
D2,Dataset 2,P+NB,16.270997369289397,4.118446763228793,20
D2,Dataset 2,Z+P+NB,21.868273890018465,5.053177464552136,20
D2,Dataset 2,ZIP--ZINB,36.087645852565764,7.41149595906702,20
