Scenario,Dataset,Model,mean_fit_elapsed_sec,sd_fit_elapsed_sec,n_fit_elapsed_sec
D1,Dataset 1,Poisson,0.6879725217819214,0.2089751971202977,20
D1,Dataset 1,NB,2.1917925834655763,0.5398444974340728,20
D1,Dataset 1,ZIP,5.317082583904266,1.0986010649626177,20
D1,Dataset 1,ZINB,13.025021123886109,1.8145895673571752,20
D1,Dataset 1,P+NB,11.371239471435548,1.6100808835092457,20
D1,Dataset 1,Z+P+NB,28.181784105300903,1.4462283123666972,20
D1,Dataset 1,ZIP--ZINB,49.91602789163589,3.2245355108495386,20
