Scenario,Dataset,Model,mean_mean_test_log_score,sd_mean_test_log_score,n_mean_test_log_score
D3,Dataset 3,Poisson,-3.629994545892546,0.14056816360290195,4
D3,Dataset 3,NB,-1.6629526355721245,0.0281712863033866,4
D3,Dataset 3,ZIP,-2.118778345256718,0.06183006526559768,4
D3,Dataset 3,ZINB,-1.4907134647829596,0.029329235469150713,4
D3,Dataset 3,P+NB,-1.629368098059015,0.027619931359441536,4
D3,Dataset 3,Z+P+NB,-1.4667543026802599,0.027379319933535005,4
D3,Dataset 3,ZIP--ZINB,-1.4666630496761393,0.026827853984524617,4
