Scenario,Dataset,RestrictedModel,mean_BootstrapPValue,sd_BootstrapPValue,n_BootstrapPValue,mean_ObservedLRT,sd_ObservedLRT,n_ObservedLRT,mean_BootstrapQ95,sd_BootstrapQ95,n_BootstrapQ95
D3,Dataset 3,Z+P+NB,0.125,0.05,4,10.866234009068194,3.3632583580828177,4,4.637720594942038,2.138538038248541,4
D3,Dataset 3,P+NB,0.1,0.0,4,1617.2998599315229,115.91844636508158,4,7.569879063744973,1.5017338986214626,4
D3,Dataset 3,ZIP,0.1,0.0,4,6721.03669169873,974.0477094918381,4,9.117973691436507,1.9612126279195383,4
D3,Dataset 3,ZINB,0.1,0.0,4,272.0151257908583,34.2184067185216,4,13.60830550252458,5.827369104253055,4
