Dataset,Model,Link,Log-Likelihood,AIC,BIC,nobs,n_params,success,nit,grad_norm_inf,cov_status,min_info_eig,info_rank,message
H2AX4H100,Poisson,identity,-1305.5349257185617,2615.0698514371234,2623.850332771254,596,2,True,5,9.479684058177895e-06,not_computed,nan,0,Optimization terminated successfully
H2AX4H100,NB,identity,-1302.6526742466276,2611.305348493255,2624.476070494451,596,3,True,9,4.5818854647716734e-05,not_computed,nan,0,Optimization terminated successfully
H2AX4H100,ZIP,identity,-1223.2511441012693,2454.5022882025387,2472.0632508708,596,4,True,10,1.4904842724705603e-05,not_computed,nan,0,Optimization terminated successfully
H2AX4H100,ZINB,identity,-1223.2505261256229,2456.5010522512457,2478.4522555865724,596,5,True,29,0.009166481962079143,not_computed,nan,0,Optimization terminated successfully
H2AX4H100,P+NB,identity,-1224.5975402953186,2461.195080590637,2487.5365245930293,596,6,True,38,48.58686164607765,not_computed,nan,0,Optimization terminated successfully
H2AX4H100,Z+P+NB,identity,-1223.2506125877585,2462.501225175517,2497.62315051204,596,8,True,29,0.006134622659204392,not_computed,nan,0,Optimization terminated successfully
H2AX4H100,ZIP--ZINB,identity,-1220.4863573634198,2460.9727147268395,2504.875121397493,596,10,True,42,0.04347078752302941,not_computed,nan,0,Optimization terminated successfully
