Scenario,Dataset,Model,mean_fit_elapsed_sec,sd_fit_elapsed_sec,n_fit_elapsed_sec
D4,Dataset 4,Poisson,1.0888898730278016,0.2925150568552414,20
D4,Dataset 4,NB,2.820022451877594,0.7429293250662629,20
D4,Dataset 4,ZIP,7.538630878925323,1.4196926592568657,20
D4,Dataset 4,ZINB,8.49912760257721,2.0575063475464024,20
D4,Dataset 4,P+NB,18.297867250442504,2.577516449567427,20
D4,Dataset 4,Z+P+NB,34.71782425642014,4.5713469088456415,20
D4,Dataset 4,ZIP--ZINB,70.22271271944047,8.165651256213371,20
