Scenario,Dataset,Model,mean_fit_elapsed_sec,sd_fit_elapsed_sec,n_fit_elapsed_sec
D3,Dataset 3,Poisson,1.0240911364555358,0.25490905808166353,20
D3,Dataset 3,NB,4.9683587670326235,0.9890772765841446,20
D3,Dataset 3,ZIP,5.596676504611969,1.3565947873234525,20
D3,Dataset 3,ZINB,8.841100227832793,1.4201563596142008,20
D3,Dataset 3,P+NB,21.741353273391724,7.2532031910619965,20
D3,Dataset 3,Z+P+NB,25.135619008541106,3.2996865427068562,20
D3,Dataset 3,ZIP--ZINB,51.95747015476227,8.498771999696867,20
