Scenario,Dataset,Model,mean_fit_elapsed_sec,sd_fit_elapsed_sec,n_fit_elapsed_sec
D1,Dataset 1,Poisson,0.6954012155532837,0.20617793519171526,20
D1,Dataset 1,NB,2.194978582859039,0.5428443558974868,20
D1,Dataset 1,ZIP,5.307414722442627,1.0945160266903913,20
D1,Dataset 1,ZINB,13.019251477718353,1.8075732835100269,20
D1,Dataset 1,P+NB,11.358983731269836,1.60661318465726,20
D1,Dataset 1,Z+P+NB,28.114563953876495,1.4438011223465395,20
D1,Dataset 1,ZIP--ZINB,49.84160686731339,3.2132985999402206,20
