Scenario,Dataset,Model,mean_fit_elapsed_sec,sd_fit_elapsed_sec,n_fit_elapsed_sec
D3,Dataset 3,Poisson,1.0279430508613587,0.25839954184769065,20
D3,Dataset 3,NB,5.032258415222168,1.0263024334971307,20
D3,Dataset 3,ZIP,5.642278122901916,1.3588574102479227,20
D3,Dataset 3,ZINB,8.895975875854493,1.263516576084572,20
D3,Dataset 3,P+NB,21.913292825222015,7.437334319877256,20
D3,Dataset 3,Z+P+NB,25.335188698768615,3.8323086464612164,20
D3,Dataset 3,ZIP--ZINB,52.54429683685303,10.187207726227294,20
