Scenario,Dataset,Model,mean_fit_elapsed_sec,sd_fit_elapsed_sec,n_fit_elapsed_sec
D4,Dataset 4,Poisson,0.7842135310173035,0.22287315668629157,20
D4,Dataset 4,NB,1.7118335962295532,0.3733999798814725,20
D4,Dataset 4,ZIP,4.86619873046875,0.8925673146140707,20
D4,Dataset 4,ZINB,5.328934442996979,2.2466025306272734,20
D4,Dataset 4,P+NB,11.272863519191741,1.2218778832523258,20
D4,Dataset 4,Z+P+NB,21.47862926721573,2.208053555127653,20
D4,Dataset 4,ZIP--ZINB,38.21688212156296,5.681175120968601,20
