Scenario,Dataset,Model,mean_fit_elapsed_sec,sd_fit_elapsed_sec,n_fit_elapsed_sec
D1,Dataset 1,Poisson,0.6882416605949402,0.20887661981819605,20
D1,Dataset 1,NB,2.19170196056366,0.5394853655718239,20
D1,Dataset 1,ZIP,5.30876237154007,1.0954066946404273,20
D1,Dataset 1,ZINB,13.039192008972169,1.822279287334838,20
D1,Dataset 1,P+NB,11.378519666194915,1.609357707880677,20
D1,Dataset 1,Z+P+NB,28.145246839523317,1.4482286258214772,20
D1,Dataset 1,ZIP--ZINB,50.12711634635925,3.2033607545927425,20
