Dataset,Link,Model,mean_fit_elapsed_sec,sd_fit_elapsed_sec,n_fit_elapsed_sec,mean_grad_norm_inf,sd_grad_norm_inf,n_grad_norm_inf
H2AX1H60,identity,Poisson,0.0438456535339355,0.0,1,2.837368112729166e-05,0.0,1
H2AX1H60,identity,NB,0.0400934219360351,0.0,1,5.080553497349705e-07,0.0,1
H2AX1H60,identity,ZIP,0.0440881252288818,0.0,1,0.0002011025537118,0.0,1
H2AX1H60,identity,ZINB,0.0801291465759277,0.0,1,6.234992879861068e-05,0.0,1
H2AX1H60,identity,P+NB,0.2333922386169433,0.0,1,11.503037387154563,0.0,1
H2AX1H60,identity,Z+P+NB,0.3662140369415283,0.0,1,0.000510442186545,0.0,1
H2AX1H60,identity,ZIP--ZINB,0.4894852638244629,0.0,1,0.002247819399397,0.0,1
