"Scenario","Dataset","MedianBootstrapMinutes","MeanBootstrapMinutes","MaxBootstrapMinutes","Units","B"
"D1","Dataset 1",80.4562736213207,81.9714167683654,114.592659024398,120,99
"D2","Dataset 2",72.6307686487834,104.291063387195,222.308680264155,120,99
"D3","Dataset 3",80.642963629961,82.5762294772267,118.123086245855,120,99
"D4","Dataset 4",78.1158235828082,91.3272365792261,164.492394995689,120,99
