"Scenario","Dataset","mean","sd","AbsError","AbsRateError","Model","mean_mean_test_log_score"
"D1","Dataset 1",0.000688136668436524,1.00007994213056,0.0079395714278623,0.00213275929860207,"ZIP--ZINB",-2.23857157538199
"D2","Dataset 2",-0.00261337072739762,1.0016227469409,0.00449935505705285,0.00125080931026343,"ZIP--ZINB",-0.943580457969608
"D3","Dataset 3",-0.00183875114941109,1.00301666447306,0.00546494566646845,0.00162678433863062,"ZIP--ZINB",-1.46924330272662
"D4","Dataset 4",0.000809510817200717,0.999470030997971,0.00847297230092243,0.00138888430068809,"ZIP--ZINB",-1.99516213066953
