Scenario,Dataset,Model,mean_mean_test_log_score,sd_mean_test_log_score,n_mean_test_log_score
D3,Dataset 3,Poisson,-3.721779518233547,0.09879735861615897,12
D3,Dataset 3,NB,-1.6683629340356516,0.01150970026663081,12
D3,Dataset 3,ZIP,-2.1721307546473727,0.04870986565003345,12
D3,Dataset 3,ZINB,-1.4959897843399395,0.013871598571523551,12
D3,Dataset 3,P+NB,-1.6352043807058632,0.012829099045685908,12
D3,Dataset 3,Z+P+NB,-1.4702501979028277,0.013201247697398938,12
D3,Dataset 3,ZIP--ZINB,-1.4694275700335864,0.012751413271597506,12
