Scenario,Dataset,Model,mean_fit_elapsed_sec,sd_fit_elapsed_sec,n_fit_elapsed_sec
D3,Dataset 3,Poisson,1.0132588982582091,0.24175496451781228,20
D3,Dataset 3,NB,4.942658984661103,0.9732576557890058,20
D3,Dataset 3,ZIP,5.56224125623703,1.3938711880872943,20
D3,Dataset 3,ZINB,8.761444389820099,1.561502303762365,20
D3,Dataset 3,P+NB,21.480468928813934,7.025767075840284,20
D3,Dataset 3,Z+P+NB,24.789146745204924,3.1849414258662216,20
D3,Dataset 3,ZIP--ZINB,51.306749761104584,8.320356557237393,20
