Scenario,Dataset,Model,mean_fit_elapsed_sec,sd_fit_elapsed_sec,n_fit_elapsed_sec
D1,Dataset 1,Poisson,0.6908571481704712,0.21339200860168667,20
D1,Dataset 1,NB,2.1999032378196715,0.5404797255102367,20
D1,Dataset 1,ZIP,5.313877284526825,1.098453589635282,20
D1,Dataset 1,ZINB,13.04843853712082,1.8251689619959703,20
D1,Dataset 1,P+NB,11.411502587795258,1.6303364322649507,20
D1,Dataset 1,Z+P+NB,28.123749101161955,1.44483713413768,20
D1,Dataset 1,ZIP--ZINB,49.88358746767044,3.208716578956916,20
