Scenario,Dataset,Model,mean_fit_elapsed_sec,sd_fit_elapsed_sec,n_fit_elapsed_sec
D3,Dataset 3,Poisson,0.9189485549926758,0.24110072645338845,20
D3,Dataset 3,NB,4.524075973033905,0.9255055019517816,20
D3,Dataset 3,ZIP,4.561554360389709,0.8354715090174951,20
D3,Dataset 3,ZINB,7.5183287262916565,1.6025972232591088,20
D3,Dataset 3,P+NB,19.917018806934358,8.383733909014945,20
D3,Dataset 3,Z+P+NB,21.028167796134948,1.5804373369152303,20
D3,Dataset 3,ZIP--ZINB,39.02619367837906,3.9346957528394944,20
