Scenario,Dataset,Model,mean_fit_elapsed_sec,sd_fit_elapsed_sec,n_fit_elapsed_sec
D2,Dataset 2,Poisson,0.8747735500335694,0.23881201097674473,20
D2,Dataset 2,NB,3.338954269886017,0.7185063454266855,20
D2,Dataset 2,ZIP,5.104681050777435,1.1519283912558946,20
D2,Dataset 2,ZINB,6.26713660955429,1.199101777924535,20
D2,Dataset 2,P+NB,16.36844700574875,4.121080934411045,20
D2,Dataset 2,Z+P+NB,21.86541292667389,5.080250934596455,20
D2,Dataset 2,ZIP--ZINB,36.154913580417634,7.426628305575614,20
