Dataset,Link,Model,mean_fit_elapsed_sec,sd_fit_elapsed_sec,n_fit_elapsed_sec,mean_grad_norm_inf,sd_grad_norm_inf,n_grad_norm_inf
C2,identity,Poisson,0.133134126663208,0.0,1,9.700982582216966e-05,0.0,1
C2,identity,NB,0.3075542449951172,0.0,1,0.036799884449806,0.0,1
C2,identity,ZIP,0.4446675777435303,0.0,1,2.083284280907094e-05,0.0,1
C2,identity,ZINB,1.3164644241333008,0.0,1,0.0013320200490127,0.0,1
C2,identity,P+NB,0.9610979557037354,0.0,1,1068.120085966574,0.0,1
C2,identity,Z+P+NB,1.4035522937774658,0.0,1,0.0050455309340122,0.0,1
C2,identity,ZIP--ZINB,2.13650894165039,0.0,1,0.0079804079419361,0.0,1
