Scenario,Dataset,Model,mean_fit_elapsed_sec,sd_fit_elapsed_sec,n_fit_elapsed_sec
D3,Dataset 3,Poisson,1.1047549843788147,0.23303124006673676,20
D3,Dataset 3,NB,4.409211790561676,0.8876936257096371,20
D3,Dataset 3,ZIP,4.560048973560333,0.8414081045174193,20
D3,Dataset 3,ZINB,7.49499386548996,1.5960124495830883,20
D3,Dataset 3,P+NB,19.964281129837037,8.454985813623844,20
D3,Dataset 3,Z+P+NB,21.032899367809296,1.6093600047888452,20
D3,Dataset 3,ZIP--ZINB,39.058380258083346,3.9410610917149724,20
