Scenario,Dataset,Model,mean_fit_elapsed_sec,sd_fit_elapsed_sec,n_fit_elapsed_sec
D2,Dataset 2,Poisson,0.8506868124008179,0.197461487491862,20
D2,Dataset 2,NB,3.3475351572036742,0.7194459629412858,20
D2,Dataset 2,ZIP,5.101052975654602,1.1535350657635914,20
D2,Dataset 2,ZINB,6.262330627441406,1.1820423334858865,20
D2,Dataset 2,P+NB,16.290180015563966,4.1298105672259355,20
D2,Dataset 2,Z+P+NB,21.850562405586242,5.07354945427643,20
D2,Dataset 2,ZIP--ZINB,36.07496124505997,7.381671690831089,20
