Scenario,Dataset,Model,mean_fit_elapsed_sec,sd_fit_elapsed_sec,n_fit_elapsed_sec
D1,Dataset 1,Poisson,0.6918070316314697,0.2156572705768545,20
D1,Dataset 1,NB,2.195631468296051,0.5429487812525654,20
D1,Dataset 1,ZIP,5.314030027389526,1.0967813455289364,20
D1,Dataset 1,ZINB,13.034694969654083,1.8220134394537855,20
D1,Dataset 1,P+NB,11.366333532333375,1.6118154086477705,20
D1,Dataset 1,Z+P+NB,28.17537066936493,1.4293643703230248,20
D1,Dataset 1,ZIP--ZINB,49.990732157230376,3.285210811195313,20
