Scenario,Dataset,Model,mean_fit_elapsed_sec,sd_fit_elapsed_sec,n_fit_elapsed_sec
D2,Dataset 2,Poisson,0.8464380264282226,0.19999318131328372,20
D2,Dataset 2,NB,3.3451359033584596,0.7173643483407455,20
D2,Dataset 2,ZIP,5.12021279335022,1.1591501195602687,20
D2,Dataset 2,ZINB,6.274952852725983,1.1774500953627203,20
D2,Dataset 2,P+NB,16.3321883559227,4.126201455096064,20
D2,Dataset 2,Z+P+NB,21.9509490609169,5.047030607172107,20
D2,Dataset 2,ZIP--ZINB,36.32922815084457,7.433916092354036,20
