Scenario,Dataset,Model,mean_fit_elapsed_sec,sd_fit_elapsed_sec,n_fit_elapsed_sec
D4,Dataset 4,Poisson,1.060317039489746,0.25568195831063323,20
D4,Dataset 4,NB,2.729125475883484,0.7242982530650318,20
D4,Dataset 4,ZIP,7.238000345230103,1.3307162595036188,20
D4,Dataset 4,ZINB,8.210821843147277,1.9773919810404779,20
D4,Dataset 4,P+NB,18.12831931114197,2.740302051995273,20
D4,Dataset 4,Z+P+NB,33.536523807048795,4.384704901180116,20
D4,Dataset 4,ZIP--ZINB,67.85387740135192,9.207968942262436,20
